chain_id,position,residue,true_state,P_helix
0,0,D,O,0.0000
0,1,R,O,0.0249
0,2,G,O,0.0349
0,3,Q,O,0.0636
0,4,V,O,0.0636
0,5,G,O,0.0611
0,6,D,O,0.0821
0,7,D,O,0.1045
0,8,V,O,0.1300
0,9,V,O,0.1591
0,10,R,O,0.1936
0,11,L,O,0.2123
0,12,N,O,0.2020
0,13,V,O,0.2202
0,14,S,O,0.2457
0,15,E,O,0.2951
0,16,Q,O,0.2993
0,17,D,O,0.2656
0,18,S,O,0.2438
0,19,F,O,0.2423
0,20,M,O,0.2383
0,21,T,O,0.2041
0,22,T,O,0.1934
0,23,G,O,0.2037
0,24,I,O,0.2705
0,25,R,O,0.3077
0,26,E,O,0.3305
0,27,V,O,0.3102
0,28,R,O,0.3006
0,29,Y,O,0.2770
0,30,L,O,0.2723
0,31,P,O,0.2371
0,32,E,H,0.2754
0,33,L,H,0.2703
0,34,G,H,0.2346
0,35,V,H,0.2513
0,36,W,H,0.2768
0,37,S,H,0.3010
0,38,V,H,0.3518
0,39,R,H,0.4187
0,40,Y,H,0.4712
0,41,A,H,0.5586
0,42,D,H,0.5863
0,43,A,H,0.6361
0,44,A,H,0.6384
0,45,L,H,0.5942
0,46,W,H,0.5183
0,47,L,O,0.4485
0,48,T,O,0.3359
0,49,H,H,0.2717
0,50,D,H,0.2405
0,51,V,H,0.2199
0,52,Q,H,0.2064
0,53,G,O,0.1537
0,54,A,O,0.1479
0,55,P,O,0.0937
0,56,S,O,0.0918
0,57,A,O,0.0978
0,58,P,O,0.0633
0,59,Y,O,0.0669
0,60,G,O,0.0737
0,61,Y,O,0.1104
0,62,Q,O,0.1601
0,63,E,O,0.1723
0,64,F,O,0.1451
0,65,N,O,0.1130
0,66,V,O,0.1020
0,67,F,O,0.0917
0,68,S,O,0.0742
0,69,S,O,0.0635
0,70,S,O,0.0576
0,71,H,O,0.0555
0,72,Y,O,0.0592
0,73,T,O,0.0651
0,74,T,O,0.0790
0,75,T,O,0.1041
0,76,Q,O,0.1465
0,77,T,O,0.1532
0,78,S,O,0.1784
0,79,Y,O,0.2228
0,80,I,O,0.2896
0,81,M,O,0.3269
0,82,K,O,0.3335
0,83,F,O,0.3401
0,84,L,O,0.3469
0,85,D,O,0.3241
0,86,Y,O,0.3146
0,87,T,O,0.3254
0,88,T,O,0.3674
0,89,E,H,0.4510
0,90,A,H,0.4823
0,91,T,H,0.4631
0,92,M,H,0.4786
0,93,N,H,0.4665
0,94,A,H,0.4978
0,95,Y,H,0.4789
0,96,R,H,0.4860
0,97,I,H,0.4829
0,98,G,H,0.4572
0,99,L,H,0.4993
0,100,A,H,0.5125
0,101,N,H,0.4755
0,102,T,H,0.4826
0,103,I,H,0.5268
0,104,Q,H,0.5480
0,105,L,H,0.5350
0,106,L,O,0.4942
0,107,G,O,0.4194
0,108,T,O,0.4174
0,109,K,O,0.4492
0,110,L,O,0.4843
0,111,K,O,0.4909
0,112,V,O,0.5016
0,113,F,O,0.5287
0,114,L,O,0.5610
0,115,Y,O,0.5670
0,116,I,O,0.6016
0,117,E,O,0.6162
0,118,I,H,0.5930
0,119,E,H,0.5486
0,120,H,H,0.4496
0,121,A,H,0.3985
0,122,V,O,0.2713
0,123,H,O,0.1666
0,124,G,O,0.1009
0,125,T,O,0.0801
0,126,L,O,0.0700
0,127,P,O,0.0338
0,128,C,O,0.0271
0,129,D,O,0.0285
0,130,C,O,0.0249
0,131,T,O,0.0284
0,132,D,O,0.0327
0,133,S,O,0.0326
0,134,G,O,0.0323
0,135,V,O,0.0457
0,136,P,O,0.0556
0,137,L,O,0.1093
0,138,S,O,0.1322
0,139,F,O,0.1700
0,140,S,O,0.2037
0,141,Q,O,0.2605
0,142,P,O,0.2764
0,143,I,O,0.3969
0,144,E,O,0.4794
0,145,L,O,0.5104
0,146,F,O,0.5138
0,147,L,O,0.5218
0,148,T,O,0.5030
0,149,F,O,0.5200
0,150,R,O,0.5417
0,151,T,O,0.5543
0,152,I,O,0.6066
0,153,E,O,0.6371
0,154,I,O,0.6304
0,155,S,O,0.6053
0,156,A,O,0.6124
0,157,L,O,0.5724
0,158,M,O,0.5010
0,159,L,O,0.3874
0,160,P,O,0.2149
0,161,Y,O,0.1717
0,162,D,O,0.1440
0,163,S,O,0.1220
0,164,Y,O,0.1119
0,165,G,O,0.1094
0,166,V,O,0.1424
0,167,V,O,0.1803
0,168,I,H,0.2258
0,169,A,H,0.2445
0,170,A,O,0.2141
0,171,P,O,0.1208
0,172,N,O,0.1028
0,173,T,O,0.1026
0,174,H,O,0.1149
0,175,K,O,0.1426
0,176,M,O,0.1650
0,177,N,O,0.1593
0,178,C,O,0.1779
0,179,R,O,0.2429
0,180,V,O,0.2908
0,181,Y,H,0.3522
0,182,L,H,0.4466
0,183,A,H,0.5023
0,184,A,H,0.5048
0,185,I,H,0.4554
0,186,D,H,0.3768
0,187,R,H,0.3191
0,188,F,H,0.2447
0,189,G,H,0.1697
0,190,G,H,0.1510
0,191,F,H,0.1732
0,192,V,H,0.1911
0,193,I,H,0.2151
0,194,I,H,0.2142
0,195,N,H,0.1883
0,196,A,H,0.1901
0,197,P,H,0.1429
0,198,E,H,0.1554
0,199,N,O,0.1294
0,200,I,O,0.1254
0,201,P,H,0.0975
0,202,M,H,0.1159
0,203,V,H,0.1078
0,204,D,H,0.1005
0,205,G,H,0.0949
0,206,E,H,0.1208
0,207,Y,H,0.1104
0,208,L,O,0.1076
0,209,T,O,0.0778
0,210,V,O,0.0599
0,211,H,O,0.0403
0,212,P,O,0.0258
0,213,P,O,0.0303
0,214,F,O,0.0607
0,215,T,O,0.0832
0,216,V,O,0.1197
0,217,D,O,0.1603
0,218,S,O,0.2100
0,219,E,H,0.2877
0,220,E,H,0.3141
0,221,M,H,0.2974
0,222,R,O,0.2486
0,223,N,O,0.1826
0,224,T,O,0.1523
0,225,T,O,0.1411
0,226,R,O,0.1463
0,227,F,O,0.1362
0,228,F,O,0.1205
0,229,G,O,0.0988
0,230,V,O,0.1088
0,231,G,O,0.1199
0,232,M,O,0.1739
0,233,I,O,0.1958
0,234,N,O,0.1930
0,235,A,O,0.2183
0,236,F,O,0.1957
0,237,G,O,0.1694
0,238,L,O,0.1870
0,239,D,O,0.1760
0,240,I,O,0.1713
0,241,S,O,0.1419
0,242,V,O,0.1268
0,243,T,O,0.1139
0,244,I,O,0.1148
0,245,H,O,0.0924
0,246,P,O,0.0824
0,247,N,O,0.1154
0,248,Q,O,0.1778
0,249,V,O,0.1996
0,250,L,O,0.2281
0,251,I,O,0.2270
0,252,P,O,0.2008
0,253,L,O,0.2431
0,254,L,H,0.2542
0,255,I,H,0.2359
0,256,F,O,0.1908
0,257,G,O,0.1425
0,258,S,O,0.1384
0,259,I,O,0.1466
0,260,G,O,0.1311
0,261,A,O,0.1533
0,262,L,O,0.1313
0,263,N,O,0.0781
0,264,G,O,0.0479
0,265,P,O,0.0402
0,266,R,O,0.0589
0,267,S,O,0.0624
0,268,I,O,0.0704
0,269,P,O,0.0571
0,270,F,O,0.0770
0,271,V,O,0.0893
0,272,F,O,0.1015
0,273,Y,O,0.1068
0,274,K,O,0.1195
0,275,R,O,0.1259
0,276,S,O,0.1170
0,277,E,O,0.1186
0,278,D,O,0.0829
0,279,P,O,0.0503
0,280,T,O,0.0513
0,281,P,O,0.0574
0,282,I,O,0.1050
0,283,Y,O,0.1267
0,284,H,O,0.1595
0,285,S,O,0.2175
0,286,K,O,0.3067
0,287,L,O,0.3974
0,288,D,O,0.4494
0,289,A,H,0.5236
0,290,L,H,0.5410
0,291,R,H,0.5322
0,292,M,H,0.5142
0,293,E,H,0.4670
0,294,T,H,0.3617
0,295,Y,H,0.3035
0,296,K,H,0.2696
0,297,L,O,0.2343
0,298,P,O,0.1633
0,299,G,O,0.1629
0,300,G,O,0.2086
0,301,M,O,0.3378
0,302,A,O,0.4186
0,303,K,O,0.4390
0,304,A,O,0.4623
0,305,L,O,0.4349
0,306,T,O,0.3750
0,307,V,O,0.3514
0,308,R,O,0.3402
0,309,L,O,0.3155
0,310,D,O,0.2574
0,311,K,O,0.2136
0,312,T,O,0.1672
0,313,D,O,0.1439
0,314,V,O,0.1259
0,315,T,O,0.1103
0,316,L,O,0.1082
0,317,Y,O,0.0792
0,318,G,O,0.0570
0,319,N,O,0.0574
0,320,L,O,0.0680
0,321,C,O,0.0548
0,322,D,O,0.0582
0,323,G,O,0.0597
0,324,M,O,0.0852
0,325,S,O,0.0852
0,326,H,O,0.0923
0,327,S,O,0.1112
0,328,T,O,0.1424
0,329,A,O,0.1966
0,330,G,O,0.2002
0,331,W,O,0.2568
0,332,V,O,0.3124
0,333,A,O,0.3835
0,334,V,O,0.3966
0,335,V,O,0.4236
0,336,L,O,0.4662
0,337,S,O,0.4792
0,338,E,O,0.5240
0,339,R,O,0.5260
0,340,R,O,0.5188
0,341,V,O,0.5021
0,342,D,O,0.5015
0,343,N,O,0.5193
0,344,L,O,0.5876
0,345,C,O,0.6254
0,346,A,O,0.7466
0,347,A,H,0.8034
0,348,M,H,0.8214
0,349,A,H,0.8258
0,350,Q,H,0.7993
0,351,R,H,0.7463
0,352,A,H,0.6880
0,353,K,H,0.5602
0,354,G,O,0.4417
0,355,G,H,0.4127
0,356,D,H,0.4493
0,357,L,H,0.5058
0,358,L,H,0.5318
0,359,Q,H,0.5311
0,360,V,H,0.4947
0,361,G,H,0.4753
0,362,K,H,0.5250
0,363,I,H,0.5802
0,364,Q,H,0.6126
0,365,Q,H,0.6123
0,366,L,H,0.5794
0,367,N,H,0.5168
0,368,A,H,0.5033
0,369,S,O,0.4337
0,370,I,O,0.3986
0,371,L,O,0.3358
0,372,V,O,0.2301
0,373,P,O,0.1423
0,374,P,O,0.1298
0,375,K,O,0.1736
0,376,K,O,0.2136
0,377,E,O,0.2509
0,378,D,O,0.2453
0,379,S,O,0.2494
0,380,D,O,0.2744
0,381,S,H,0.3120
0,382,R,H,0.3797
0,383,L,H,0.4323
0,384,L,H,0.4534
0,385,K,O,0.4463
0,386,D,O,0.4421
0,387,S,O,0.4547
0,388,L,O,0.4982
0,389,E,O,0.5126
1,0,S,O,0.0000
1,1,E,O,0.0502
1,2,D,O,0.0649
1,3,N,O,0.0790
1,4,A,O,0.1101
1,5,K,O,0.1000
1,6,H,O,0.0831
1,7,V,O,0.0767
1,8,C,O,0.0691
1,9,G,O,0.0812
1,10,R,O,0.1279
1,11,L,O,0.1577
1,12,F,O,0.1589
1,13,T,O,0.1551
1,14,C,O,0.1691
1,15,V,O,0.2262
1,16,R,O,0.2956
1,17,L,O,0.3483
1,18,S,O,0.3686
1,19,L,O,0.4179
1,20,D,O,0.4360
1,21,Q,O,0.4718
1,22,D,O,0.4706
1,23,S,O,0.4871
1,24,L,O,0.5360
1,25,Y,O,0.5561
1,26,A,O,0.6064
1,27,L,O,0.6077
1,28,W,O,0.5848
1,29,V,O,0.5682
1,30,K,O,0.5691
1,31,S,O,0.5758
1,32,I,H,0.6154
1,33,Q,H,0.6350
1,34,A,H,0.6236
1,35,G,H,0.5616
1,36,P,H,0.5723
1,37,A,H,0.7030
1,38,R,H,0.7637
1,39,L,H,0.8194
1,40,R,H,0.8563
1,41,L,H,0.8931
1,42,A,H,0.9192
1,43,E,H,0.9260
1,44,W,H,0.9211
1,45,E,H,0.9283
1,46,K,H,0.9242
1,47,A,H,0.9323
1,48,E,H,0.9253
1,49,L,H,0.9055
1,50,H,H,0.8773
1,51,L,H,0.8819
1,52,A,H,0.8780
1,53,D,H,0.8487
1,54,F,H,0.8414
1,55,R,H,0.8451
1,56,K,H,0.8498
1,57,D,H,0.8657
1,58,A,H,0.9042
1,59,A,H,0.9186
1,60,V,H,0.9152
1,61,A,H,0.9307
1,62,M,H,0.9304
1,63,A,H,0.9265
1,64,K,H,0.9053
1,65,I,H,0.8962
1,66,M,H,0.8828
1,67,E,H,0.8598
1,68,K,H,0.8109
1,69,M,H,0.7733
1,70,L,H,0.7138
1,71,D,H,0.6236
1,72,F,H,0.5614
1,73,A,H,0.5059
1,74,S,H,0.3739
1,75,V,H,0.2899
1,76,G,H,0.2224
1,77,T,H,0.2134
1,78,L,H,0.2269
1,79,G,H,0.2112
1,80,N,H,0.2453
1,81,Q,H,0.3219
1,82,E,H,0.3533
1,83,F,O,0.3413
1,84,G,O,0.3294
1,85,Q,O,0.3800
1,86,S,O,0.3908
1,87,A,O,0.4299
1,88,H,O,0.4173
1,89,V,H,0.4379
1,90,T,H,0.4740
1,91,M,H,0.5537
1,92,I,H,0.5999
1,93,S,H,0.6249
1,94,I,H,0.6865
1,95,E,H,0.7277
1,96,A,H,0.7351
1,97,C,H,0.7033
1,98,L,H,0.7300
1,99,S,H,0.7374
1,100,M,H,0.7785
1,101,I,H,0.8010
1,102,E,H,0.8126
1,103,F,H,0.7990
1,104,I,H,0.7959
1,105,M,H,0.7820
1,106,L,H,0.7510
1,107,I,H,0.6983
1,108,R,H,0.6234
1,109,K,H,0.5373
1,110,Y,H,0.4582
1,111,D,H,0.4119
1,112,C,H,0.3835
1,113,A,H,0.4096
1,114,M,H,0.3844
1,115,H,H,0.3263
1,116,T,H,0.3023
1,117,S,H,0.3068
1,118,A,H,0.3353
1,119,D,H,0.3127
1,120,L,H,0.3030
1,121,K,H,0.2622
1,122,N,O,0.2201
1,123,R,O,0.2105
1,124,T,O,0.1858
1,125,L,O,0.1822
1,126,P,O,0.1492
1,127,R,O,0.1748
1,128,T,O,0.1849
1,129,M,O,0.2168
1,130,A,O,0.2189
1,131,T,O,0.1707
1,132,F,O,0.1462
1,133,S,O,0.1166
1,134,K,O,0.0994
1,135,T,O,0.0756
1,136,T,O,0.0623
1,137,Y,O,0.0566
1,138,Y,O,0.0527
1,139,G,O,0.0501
1,140,L,O,0.0675
1,141,S,O,0.0609
1,142,D,O,0.0586
1,143,G,O,0.0545
1,144,K,O,0.0715
1,145,Q,O,0.0807
1,146,G,O,0.0606
1,147,S,O,0.0636
1,148,V,O,0.0712
1,149,D,H,0.0771
1,150,I,H,0.0829
1,151,G,O,0.0667
1,152,G,H,0.0748
1,153,V,H,0.1138
1,154,Q,H,0.1569
1,155,V,H,0.1639
1,156,E,H,0.1750
1,157,S,H,0.1465
1,158,L,H,0.1326
1,159,P,H,0.0891
1,160,V,O,0.0931
1,161,G,O,0.0969
1,162,G,O,0.1352
1,163,E,O,0.2399
1,164,K,H,0.2855
1,165,L,H,0.3306
1,166,Q,H,0.3441
1,167,I,H,0.3203
1,168,D,H,0.2693
1,169,P,H,0.2322
1,170,D,H,0.2678
1,171,R,H,0.3169
1,172,Q,H,0.3510
1,173,G,H,0.3472
1,174,K,O,0.4093
1,175,E,O,0.4746
1,176,I,O,0.4925
1,177,E,O,0.4883
1,178,L,O,0.4402
1,179,P,O,0.3551
1,180,I,O,0.3644
1,181,Q,H,0.3496
1,182,K,H,0.2940
1,183,S,H,0.2383
1,184,K,H,0.2072
1,185,S,H,0.1730
1,186,K,H,0.1560
1,187,S,H,0.1341
1,188,N,H,0.1251
1,189,T,H,0.1364
1,190,K,H,0.1652
1,191,N,H,0.1896
1,192,S,H,0.2480
1,193,L,H,0.3394
1,194,M,H,0.3912
1,195,T,H,0.4112
1,196,T,H,0.4682
1,197,A,H,0.5759
1,198,R,H,0.6178
1,199,L,H,0.6517
1,200,A,H,0.6621
1,201,T,H,0.6286
1,202,C,H,0.6331
1,203,R,H,0.7034
1,204,E,H,0.7662
1,205,A,H,0.7930
1,206,E,H,0.7857
1,207,F,O,0.7492
1,208,F,H,0.7225
1,209,G,H,0.7050
1,210,M,H,0.7564
1,211,L,H,0.7865
1,212,E,H,0.7999
1,213,A,H,0.7871
1,214,L,H,0.7355
1,215,N,H,0.6564
1,216,V,O,0.6317
1,217,G,O,0.6259
1,218,Q,O,0.6941
1,219,E,O,0.7271
1,220,V,H,0.7275
1,221,E,H,0.7476
1,222,D,H,0.7374
1,223,E,H,0.7488
1,224,A,H,0.7300
1,225,H,H,0.6652
1,226,E,H,0.6433
1,227,E,H,0.5790
1,228,G,O,0.4520
1,229,D,H,0.4184
1,230,R,H,0.4019
1,231,Y,H,0.3729
1,232,S,H,0.3672
1,233,A,H,0.3876
1,234,A,H,0.3565
1,235,S,H,0.2601
1,236,C,O,0.1984
1,237,S,O,0.1838
1,238,L,O,0.1854
1,239,T,O,0.1580
1,240,Y,H,0.1498
1,241,N,O,0.1522
1,242,Y,O,0.1790
1,243,V,H,0.2217
1,244,L,H,0.2745
1,245,T,H,0.2946
1,246,Q,H,0.3463
1,247,I,H,0.3577
1,248,L,H,0.3449
1,249,T,H,0.3007
1,250,E,H,0.2871
1,251,V,H,0.2262
1,252,I,H,0.1765
1,253,N,O,0.0942
1,254,P,O,0.0465
1,255,N,O,0.0375
1,256,G,O,0.0345
1,257,P,O,0.0459
1,258,L,O,0.0979
1,259,K,O,0.1198
1,260,H,O,0.1356
1,261,N,O,0.1697
1,262,A,O,0.2399
1,263,K,O,0.2539
2,0,Y,O,0.0000
2,1,P,O,0.0082
2,2,V,O,0.0269
2,3,V,O,0.0406
2,4,V,O,0.0502
2,5,G,O,0.0565
2,6,A,O,0.0875
2,7,T,O,0.0797
2,8,D,O,0.0813
2,9,C,O,0.0830
2,10,P,O,0.1088
2,11,A,O,0.2159
2,12,L,O,0.2551
2,13,Q,O,0.2635
2,14,G,O,0.2348
2,15,I,O,0.2580
2,16,E,O,0.2562
2,17,K,O,0.2104
2,18,D,O,0.1620
2,19,G,O,0.1226
2,20,N,O,0.1221
2,21,F,O,0.1421
2,22,N,H,0.1567
2,23,I,H,0.1989
2,24,A,H,0.2148
2,25,K,H,0.1826
2,26,G,H,0.1466
2,27,E,H,0.1524
2,28,K,H,0.1193
2,29,G,H,0.0806
2,30,T,H,0.0737
2,31,V,O,0.0754
2,32,D,O,0.0757
2,33,S,O,0.0756
2,34,G,O,0.0816
2,35,E,O,0.1192
2,36,Y,O,0.1192
2,37,P,O,0.1275
2,38,A,O,0.2032
2,39,D,O,0.2222
2,40,I,O,0.2508
2,41,L,O,0.2541
2,42,G,O,0.2276
2,43,S,H,0.2523
2,44,E,H,0.3010
2,45,Y,H,0.3045
2,46,A,H,0.3282
2,47,G,H,0.3008
2,48,N,H,0.3318
2,49,I,H,0.4099
2,50,W,H,0.4582
2,51,E,H,0.5104
2,52,R,H,0.5184
2,53,R,H,0.5170
2,54,D,H,0.5061
2,55,S,H,0.5136
2,56,L,H,0.5530
2,57,A,H,0.5651
2,58,D,H,0.5286
2,59,I,H,0.5120
2,60,D,H,0.4726
2,61,I,H,0.4520
2,62,Y,O,0.4067
2,63,K,O,0.3874
2,64,A,O,0.3696
2,65,I,H,0.2922
2,66,D,O,0.1763
2,67,G,O,0.0812
2,68,P,O,0.0425
2,69,P,O,0.0372
2,70,S,O,0.0572
2,71,V,O,0.0834
2,72,R,O,0.1103
2,73,Y,O,0.1214
2,74,L,O,0.1416
2,75,K,O,0.1343
2,76,G,O,0.1213
2,77,L,O,0.1444
2,78,V,O,0.1398
2,79,G,O,0.1378
2,80,H,O,0.1770
2,81,D,O,0.2450
2,82,I,O,0.3310
2,83,R,O,0.3846
2,84,A,O,0.4242
2,85,L,O,0.4119
2,86,K,O,0.3691
2,87,M,O,0.3278
2,88,P,O,0.2496
2,89,L,O,0.2550
2,90,S,O,0.2307
2,91,G,O,0.2261
2,92,I,O,0.2753
2,93,D,O,0.2974
2,94,S,H,0.3326
2,95,R,H,0.3984
2,96,V,H,0.4497
2,97,A,H,0.5200
2,98,V,H,0.5344
2,99,S,H,0.5664
2,100,E,H,0.6357
2,101,R,H,0.6611
2,102,A,H,0.6806
2,103,Q,H,0.6577
2,104,N,H,0.6003
2,105,Y,H,0.5921
2,106,I,H,0.6121
2,107,N,H,0.6132
2,108,I,H,0.6621
2,109,V,H,0.6914
2,110,L,H,0.7423
2,111,L,H,0.7713
2,112,A,H,0.7828
2,113,V,H,0.7595
2,114,V,H,0.7564
2,115,L,H,0.7731
2,116,E,H,0.7733
2,117,K,H,0.7443
2,118,L,H,0.7250
2,119,L,H,0.6845
2,120,L,H,0.6170
2,121,L,O,0.5122
2,122,S,O,0.3546
2,123,C,O,0.2515
2,124,F,O,0.2142
2,125,T,O,0.1741
2,126,R,O,0.1564
2,127,P,O,0.1228
2,128,E,O,0.1421
2,129,G,O,0.1241
2,130,I,O,0.1424
2,131,V,O,0.1370
2,132,E,O,0.1341
2,133,G,O,0.0919
2,134,V,O,0.0846
2,135,Y,O,0.0767
2,136,V,O,0.0729
2,137,D,O,0.0675
2,138,Y,H,0.0612
2,139,F,H,0.0573
2,140,N,O,0.0450
2,141,V,O,0.0408
2,142,P,O,0.0323
2,143,D,O,0.0460
2,144,L,H,0.0572
2,145,P,O,0.0453
2,146,L,O,0.0618
2,147,K,O,0.0548
2,148,G,O,0.0393
2,149,S,O,0.0402
2,150,T,O,0.0423
2,151,F,O,0.0480
2,152,V,O,0.0448
2,153,S,O,0.0377
2,154,P,O,0.0315
2,155,A,O,0.0474
2,156,G,O,0.0314
2,157,N,O,0.0294
2,158,N,O,0.0312
2,159,N,O,0.0375
2,160,T,O,0.0505
2,161,H,O,0.0701
2,162,V,O,0.1011
2,163,Q,O,0.1345
2,164,V,O,0.1340
2,165,R,O,0.1358
2,166,R,O,0.1222
2,167,V,O,0.0927
2,168,G,O,0.0647
2,169,P,O,0.0624
2,170,K,O,0.0984
2,171,R,O,0.1280
2,172,R,O,0.1417
2,173,V,O,0.1400
2,174,S,O,0.1409
2,175,A,O,0.1547
2,176,G,O,0.1238
2,177,C,O,0.1303
2,178,D,O,0.1712
2,179,Y,O,0.2218
2,180,A,O,0.2964
2,181,E,O,0.3126
2,182,T,O,0.2858
2,183,I,H,0.2866
2,184,K,H,0.2625
2,185,V,O,0.2367
2,186,R,O,0.2190
2,187,P,O,0.1860
2,188,Q,O,0.2185
2,189,G,O,0.2143
2,190,L,O,0.2626
2,191,Y,O,0.2788
2,192,A,O,0.3152
2,193,R,O,0.3003
2,194,Q,O,0.2712
2,195,Y,O,0.1977
2,196,C,O,0.1469
2,197,P,O,0.1350
2,198,L,O,0.1810
2,199,Q,O,0.1959
2,200,H,O,0.1756
2,201,R,O,0.1752
2,202,R,O,0.1596
2,203,S,O,0.1281
2,204,V,O,0.1102
2,205,G,H,0.0938
2,206,T,H,0.1079
2,207,L,H,0.1369
2,208,S,O,0.1380
2,209,D,O,0.1516
2,210,R,O,0.1707
2,211,T,O,0.1744
3,0,H,O,0.0000
3,1,L,O,0.0169
3,2,P,O,0.0150
3,3,G,O,0.0249
3,4,I,O,0.0490
3,5,V,O,0.0524
3,6,G,O,0.0524
3,7,K,O,0.0737
3,8,G,O,0.0873
3,9,L,O,0.1379
3,10,S,O,0.1576
3,11,V,O,0.1938
3,12,S,O,0.2380
3,13,N,O,0.3102
3,14,E,O,0.4488
3,15,L,O,0.5180
3,16,E,O,0.5549
3,17,H,O,0.5508
3,18,Q,O,0.5841
3,19,Q,O,0.5836
3,20,V,O,0.5493
3,21,S,O,0.5329
3,22,A,O,0.5475
3,23,V,O,0.5131
3,24,I,H,0.4958
3,25,V,H,0.4553
3,26,V,H,0.4310
3,27,S,H,0.4214
3,28,S,H,0.4398
3,29,L,H,0.4895
3,30,S,H,0.5093
3,31,L,H,0.5627
3,32,Q,H,0.5874
3,33,A,H,0.5790
3,34,K,H,0.5187
3,35,E,H,0.4641
3,36,H,H,0.3478
3,37,T,H,0.2814
3,38,F,H,0.2488
3,39,P,H,0.2145
3,40,F,H,0.2502
3,41,R,H,0.2842
3,42,G,H,0.3036
3,43,R,H,0.3962
3,44,F,H,0.4718
3,45,E,H,0.5528
3,46,L,H,0.5843
3,47,S,H,0.5903
3,48,F,H,0.6294
3,49,V,H,0.6761
3,50,Q,H,0.7463
3,51,R,H,0.7832
3,52,M,H,0.8174
3,53,A,H,0.8361
3,54,L,H,0.8257
3,55,Q,H,0.8014
3,56,W,H,0.7515
3,57,D,H,0.7117
3,58,K,H,0.6948
3,59,N,H,0.6863
3,60,A,H,0.7239
3,61,I,O,0.7207
3,62,E,O,0.7030
3,63,V,O,0.6476
3,64,F,O,0.6136
3,65,L,O,0.5866
3,66,T,O,0.5313
3,67,Q,O,0.5158
3,68,I,O,0.4619
3,69,R,O,0.3781
3,70,C,O,0.2761
3,71,D,H,0.2408
3,72,S,H,0.2165
3,73,H,H,0.2110
3,74,L,H,0.2280
3,75,G,H,0.2158
3,76,N,H,0.2543
3,77,E,H,0.3381
3,78,A,H,0.3687
3,79,M,H,0.3479
3,80,V,H,0.2946
3,81,Y,H,0.2541
3,82,K,H,0.2330
3,83,I,H,0.2094
3,84,P,H,0.1583
3,85,D,H,0.1705
3,86,V,H,0.1891
3,87,T,H,0.2138
3,88,D,H,0.2656
3,89,V,H,0.3334
3,90,A,H,0.4191
3,91,H,H,0.4431
3,92,K,H,0.5063
3,93,L,H,0.5751
3,94,L,H,0.6130
3,95,T,H,0.6257
3,96,E,H,0.6790
3,97,M,H,0.6938
3,98,Q,H,0.6880
3,99,K,H,0.6526
3,100,L,H,0.6251
3,101,S,H,0.5706
3,102,A,H,0.5509
3,103,R,H,0.4745
3,104,N,O,0.3829
3,105,T,O,0.3444
3,106,K,O,0.3376
3,107,Q,O,0.3309
3,108,I,O,0.2848
3,109,V,O,0.2075
3,110,K,O,0.1430
3,111,P,O,0.0747
3,112,S,O,0.0614
3,113,N,O,0.0528
3,114,Y,O,0.0536
3,115,K,O,0.0557
3,116,N,O,0.0494
3,117,T,O,0.0515
3,118,C,O,0.0590
3,119,R,O,0.0865
3,120,P,O,0.0982
3,121,E,O,0.1717
3,122,K,O,0.1969
3,123,I,O,0.2185
3,124,D,O,0.2153
3,125,E,O,0.2204
3,126,V,O,0.1834
3,127,D,O,0.1533
3,128,V,O,0.1296
3,129,T,O,0.1089
3,130,T,O,0.1020
3,131,T,O,0.1074
3,132,P,O,0.1263
3,133,K,O,0.2228
3,134,Q,O,0.3191
3,135,Q,O,0.3652
3,136,R,O,0.3720
4,0,N,O,0.0000
4,1,T,O,0.0454
4,2,D,O,0.1089
4,3,M,O,0.1828
4,4,R,O,0.2207
4,5,F,O,0.2430
4,6,R,O,0.2630
4,7,T,O,0.2685
4,8,T,O,0.3014
4,9,K,O,0.3695
4,10,H,O,0.4400
4,11,E,O,0.5659
4,12,I,O,0.6290
4,13,M,H,0.6696
4,14,R,H,0.6868
4,15,K,H,0.6990
4,16,A,H,0.7198
4,17,L,H,0.7008
4,18,E,H,0.6596
4,19,P,H,0.5700
4,20,S,O,0.5830
4,21,A,O,0.6300
4,22,E,H,0.6296
4,23,D,H,0.5909
4,24,Y,H,0.5734
4,25,A,H,0.5838
4,26,V,H,0.5461
4,27,F,H,0.5266
4,28,F,H,0.5120
4,29,L,H,0.5018
4,30,L,H,0.4633
4,31,C,H,0.3906
4,32,V,O,0.3799
4,33,T,O,0.3821
4,34,R,O,0.4171
4,35,R,O,0.4397
4,36,H,O,0.4509
4,37,L,O,0.4989
4,38,L,O,0.5173
4,39,K,O,0.5090
4,40,A,O,0.5050
4,41,I,O,0.4476
4,42,G,O,0.3592
4,43,M,O,0.3454
4,44,L,O,0.3002
4,45,C,O,0.2168
4,46,N,O,0.1893
4,47,G,O,0.1898
4,48,E,O,0.2408
4,49,N,O,0.2472
4,50,M,O,0.2877
4,51,H,O,0.2971
4,52,I,O,0.3362
4,53,Q,O,0.3495
4,54,S,O,0.3254
4,55,L,O,0.3259
4,56,N,O,0.2963
4,57,S,O,0.3026
4,58,A,O,0.3330
4,59,T,O,0.3122
4,60,L,O,0.3202
4,61,T,O,0.2984
4,62,S,O,0.3048
4,63,I,O,0.3353
4,64,G,O,0.3407
4,65,Y,O,0.4151
4,66,L,O,0.5286
4,67,A,O,0.6006
4,68,E,O,0.6186
4,69,A,O,0.5991
4,70,P,O,0.5250
4,71,L,O,0.5486
4,72,L,O,0.5461
4,73,T,O,0.5170
4,74,K,O,0.5244
4,75,V,O,0.5365
4,76,D,O,0.5660
4,77,A,H,0.6175
4,78,A,H,0.6204
4,79,L,H,0.5759
4,80,T,H,0.4990
4,81,F,H,0.4655
4,82,Q,O,0.4358
4,83,D,O,0.3625
4,84,P,O,0.3089
4,85,A,O,0.3383
4,86,S,O,0.3165
4,87,L,O,0.3188
4,88,D,O,0.2911
4,89,E,O,0.2758
4,90,S,O,0.2129
4,91,S,O,0.1747
4,92,W,O,0.1545
4,93,G,O,0.1293
4,94,Y,O,0.1418
4,95,K,O,0.1653
4,96,I,O,0.1842
4,97,D,O,0.1787
4,98,V,O,0.1796
4,99,D,O,0.1852
4,100,L,O,0.1978
4,101,R,O,0.1817
4,102,T,O,0.1498
4,103,Y,O,0.1370
4,104,S,O,0.1341
4,105,G,O,0.1432
4,106,L,O,0.1988
4,107,Y,O,0.2216
4,108,F,O,0.2623
4,109,E,O,0.3017
4,110,R,O,0.2972
4,111,L,O,0.2788
4,112,L,O,0.2281
4,113,G,O,0.1373
4,114,G,O,0.1065
4,115,D,O,0.1102
4,116,G,O,0.1162
4,117,P,O,0.1619
4,118,L,O,0.3310
4,119,I,O,0.4412
4,120,R,O,0.5162
4,121,K,O,0.5783
4,122,A,O,0.6478
4,123,E,O,0.6658
4,124,D,O,0.6485
4,125,L,O,0.6522
4,126,T,O,0.6335
4,127,K,O,0.6523
4,128,E,O,0.6788
4,129,S,O,0.6705
4,130,I,O,0.6947
4,131,A,O,0.7029
4,132,I,O,0.6696
4,133,H,O,0.6164
4,134,K,O,0.6037
4,135,D,O,0.5976
4,136,Q,O,0.6116
4,137,T,O,0.5937
4,138,V,O,0.6131
4,139,A,O,0.6518
4,140,L,O,0.6454
4,141,D,O,0.6158
4,142,F,O,0.6071
4,143,R,H,0.6051
4,144,Q,H,0.5958
4,145,R,H,0.5520
4,146,Y,H,0.4978
